Type,Name,Amount
Helix,ALA,16
Helix,ARG,14
Helix,ASN,8
Helix,ASP,14
Helix,CYS,14
Helix,GLN,8
Helix,GLU,4
Helix,GLY,26
Helix,HIS,6
Helix,ILE,4
Helix,LEU,2
Helix,LYS,10
Helix,MET,6
Helix,PHE,8
Helix,PRO,4
Helix,SER,20
Helix,THR,4
Helix,TRP,4
Helix,TYR,4
Helix,VAL,8
Irregular,ALA,0
Irregular,ARG,0
Irregular,ASN,0
Irregular,ASP,0
Irregular,CYS,4
Irregular,GLN,0
Irregular,GLU,0
Irregular,GLY,0
Irregular,HIS,0
Irregular,ILE,0
Irregular,LEU,0
Irregular,LYS,0
Irregular,MET,0
Irregular,PHE,0
Irregular,PRO,0
Irregular,SER,0
Irregular,THR,0
Irregular,TRP,0
Irregular,TYR,0
Irregular,VAL,0
Sheet,ALA,4
Sheet,ARG,1
Sheet,ASN,2
Sheet,ASP,2
Sheet,CYS,2
Sheet,GLN,0
Sheet,GLU,1
Sheet,GLY,1
Sheet,HIS,2
Sheet,ILE,4
Sheet,LEU,1
Sheet,LYS,1
Sheet,MET,1
Sheet,PHE,2
Sheet,PRO,2
Sheet,SER,1
Sheet,THR,1
Sheet,TRP,3
Sheet,TYR,2
Sheet,VAL,1
